{
  "uid" : "83edc06c07f9ae9e47eb6dd1b683e4e2",
  "name" : "packages",
  "children" : [ {
    "name" : "com.ta.test.challenge",
    "children" : [ {
      "name" : "DownloadTest",
      "children" : [ {
        "name" : "downloadShift",
        "uid" : "39dc47e2bbf01217",
        "parentUid" : "2a484699ce05b1996e345d8ca46967b7",
        "status" : "passed",
        "time" : {
          "start" : 1723053724202,
          "stop" : 1723053747529,
          "duration" : 23327
        },
        "flaky" : false,
        "newFailed" : false,
        "parameters" : [ ]
      } ],
      "uid" : "2a484699ce05b1996e345d8ca46967b7"
    }, {
      "name" : "InstallationTest",
      "children" : [ {
        "name" : "installApplication",
        "uid" : "371ea7c55f7430c1",
        "parentUid" : "e0d5a985d139b7ba3fee88d7031844ff",
        "status" : "passed",
        "time" : {
          "start" : 1723053747893,
          "stop" : 1723053806983,
          "duration" : 59090
        },
        "flaky" : false,
        "newFailed" : false,
        "parameters" : [ ]
      } ],
      "uid" : "e0d5a985d139b7ba3fee88d7031844ff"
    }, {
      "name" : "ShiftTest",
      "children" : [ {
        "name" : "verifyShiftVersion",
        "uid" : "f79e9fd461b7771",
        "parentUid" : "e5269857712de49315d16609476ddfb6",
        "status" : "passed",
        "time" : {
          "start" : 1723053817401,
          "stop" : 1723053837052,
          "duration" : 19651
        },
        "flaky" : false,
        "newFailed" : false,
        "parameters" : [ ]
      }, {
        "name" : "createNewWorkspace",
        "uid" : "277ae3480b0efa7a",
        "parentUid" : "e5269857712de49315d16609476ddfb6",
        "status" : "passed",
        "time" : {
          "start" : 1723053837060,
          "stop" : 1723053854813,
          "duration" : 17753
        },
        "flaky" : false,
        "newFailed" : false,
        "parameters" : [ ]
      }, {
        "name" : "addGoogleDocApp",
        "uid" : "e5726194ebc0ae1a",
        "parentUid" : "e5269857712de49315d16609476ddfb6",
        "status" : "passed",
        "time" : {
          "start" : 1723053854820,
          "stop" : 1723053920922,
          "duration" : 66102
        },
        "flaky" : false,
        "newFailed" : false,
        "parameters" : [ ]
      }, {
        "name" : "createNewGoogleDoc",
        "uid" : "ccefa9409c91b37b",
        "parentUid" : "e5269857712de49315d16609476ddfb6",
        "status" : "passed",
        "time" : {
          "start" : 1723053920931,
          "stop" : 1723053945504,
          "duration" : 24573
        },
        "flaky" : false,
        "newFailed" : false,
        "parameters" : [ ]
      } ],
      "uid" : "e5269857712de49315d16609476ddfb6"
    } ],
    "uid" : "com.ta.test.challenge"
  } ]
}