{
  "uid" : "98d3104e051c652961429bf95fa0b5d6",
  "name" : "suites",
  "children" : [ {
    "name" : "com.ta.test.challenge.DownloadTest",
    "children" : [ {
      "name" : "downloadShift()",
      "uid" : "39dc47e2bbf01217",
      "parentUid" : "4a2981507a68c1859e5061e5cb1f3090",
      "status" : "passed",
      "time" : {
        "start" : 1723053724202,
        "stop" : 1723053747529,
        "duration" : 23327
      },
      "flaky" : false,
      "newFailed" : false,
      "parameters" : [ ]
    } ],
    "uid" : "4a2981507a68c1859e5061e5cb1f3090"
  }, {
    "name" : "com.ta.test.challenge.InstallationTest",
    "children" : [ {
      "name" : "installApplication()",
      "uid" : "371ea7c55f7430c1",
      "parentUid" : "3c2eaaed2f56eab67208824cb6390e6a",
      "status" : "passed",
      "time" : {
        "start" : 1723053747893,
        "stop" : 1723053806983,
        "duration" : 59090
      },
      "flaky" : false,
      "newFailed" : false,
      "parameters" : [ ]
    } ],
    "uid" : "3c2eaaed2f56eab67208824cb6390e6a"
  }, {
    "name" : "com.ta.test.challenge.ShiftTest",
    "children" : [ {
      "name" : "verifyShiftVersion()",
      "uid" : "f79e9fd461b7771",
      "parentUid" : "1f0b2bfe69b51b932d11a2894f6bb322",
      "status" : "passed",
      "time" : {
        "start" : 1723053817401,
        "stop" : 1723053837052,
        "duration" : 19651
      },
      "flaky" : false,
      "newFailed" : false,
      "parameters" : [ ]
    }, {
      "name" : "createNewWorkspace()",
      "uid" : "277ae3480b0efa7a",
      "parentUid" : "1f0b2bfe69b51b932d11a2894f6bb322",
      "status" : "passed",
      "time" : {
        "start" : 1723053837060,
        "stop" : 1723053854813,
        "duration" : 17753
      },
      "flaky" : false,
      "newFailed" : false,
      "parameters" : [ ]
    }, {
      "name" : "addGoogleDocApp()",
      "uid" : "e5726194ebc0ae1a",
      "parentUid" : "1f0b2bfe69b51b932d11a2894f6bb322",
      "status" : "passed",
      "time" : {
        "start" : 1723053854820,
        "stop" : 1723053920922,
        "duration" : 66102
      },
      "flaky" : false,
      "newFailed" : false,
      "parameters" : [ ]
    }, {
      "name" : "createNewGoogleDoc()",
      "uid" : "ccefa9409c91b37b",
      "parentUid" : "1f0b2bfe69b51b932d11a2894f6bb322",
      "status" : "passed",
      "time" : {
        "start" : 1723053920931,
        "stop" : 1723053945504,
        "duration" : 24573
      },
      "flaky" : false,
      "newFailed" : false,
      "parameters" : [ ]
    } ],
    "uid" : "1f0b2bfe69b51b932d11a2894f6bb322"
  } ]
}