"Status","Start Time","Stop Time","Duration in ms","Parent Suite","Suite","Sub Suite","Test Class","Test Method","Name","Description"
"passed","Wed Aug 07 11:03:57 PDT 2024","Wed Aug 07 11:04:14 PDT 2024","17753","","com.ta.test.challenge.ShiftTest","","com.ta.test.challenge.ShiftTest","createNewWorkspace","createNewWorkspace()",""
"passed","Wed Aug 07 11:05:20 PDT 2024","Wed Aug 07 11:05:45 PDT 2024","24573","","com.ta.test.challenge.ShiftTest","","com.ta.test.challenge.ShiftTest","createNewGoogleDoc","createNewGoogleDoc()",""
"passed","Wed Aug 07 11:04:14 PDT 2024","Wed Aug 07 11:05:20 PDT 2024","66102","","com.ta.test.challenge.ShiftTest","","com.ta.test.challenge.ShiftTest","addGoogleDocApp","addGoogleDocApp()",""
"passed","Wed Aug 07 11:03:37 PDT 2024","Wed Aug 07 11:03:57 PDT 2024","19651","","com.ta.test.challenge.ShiftTest","","com.ta.test.challenge.ShiftTest","verifyShiftVersion","verifyShiftVersion()",""
"passed","Wed Aug 07 11:02:04 PDT 2024","Wed Aug 07 11:02:27 PDT 2024","23327","","com.ta.test.challenge.DownloadTest","","com.ta.test.challenge.DownloadTest","downloadShift","downloadShift()",""
"passed","Wed Aug 07 11:02:27 PDT 2024","Wed Aug 07 11:03:26 PDT 2024","59090","","com.ta.test.challenge.InstallationTest","","com.ta.test.challenge.InstallationTest","installApplication","installApplication()",""
