{
  "uid" : "ab17fc5a4eb3bca4b216b548c7f9fcbc",
  "name" : "timeline",
  "children" : [ {
    "name" : "OlhasLaptop",
    "children" : [ {
      "name" : "16556@OlhasLaptop.Test worker(1)",
      "children" : [ {
        "name" : "createNewWorkspace()",
        "uid" : "277ae3480b0efa7a",
        "parentUid" : "8cf5684cb52e3e94364d6fed32b70ded",
        "status" : "passed",
        "time" : {
          "start" : 1723053837060,
          "stop" : 1723053854813,
          "duration" : 17753
        },
        "flaky" : false,
        "newFailed" : false,
        "parameters" : [ ]
      }, {
        "name" : "createNewGoogleDoc()",
        "uid" : "ccefa9409c91b37b",
        "parentUid" : "8cf5684cb52e3e94364d6fed32b70ded",
        "status" : "passed",
        "time" : {
          "start" : 1723053920931,
          "stop" : 1723053945504,
          "duration" : 24573
        },
        "flaky" : false,
        "newFailed" : false,
        "parameters" : [ ]
      }, {
        "name" : "addGoogleDocApp()",
        "uid" : "e5726194ebc0ae1a",
        "parentUid" : "8cf5684cb52e3e94364d6fed32b70ded",
        "status" : "passed",
        "time" : {
          "start" : 1723053854820,
          "stop" : 1723053920922,
          "duration" : 66102
        },
        "flaky" : false,
        "newFailed" : false,
        "parameters" : [ ]
      }, {
        "name" : "verifyShiftVersion()",
        "uid" : "f79e9fd461b7771",
        "parentUid" : "8cf5684cb52e3e94364d6fed32b70ded",
        "status" : "passed",
        "time" : {
          "start" : 1723053817401,
          "stop" : 1723053837052,
          "duration" : 19651
        },
        "flaky" : false,
        "newFailed" : false,
        "parameters" : [ ]
      }, {
        "name" : "downloadShift()",
        "uid" : "39dc47e2bbf01217",
        "parentUid" : "8cf5684cb52e3e94364d6fed32b70ded",
        "status" : "passed",
        "time" : {
          "start" : 1723053724202,
          "stop" : 1723053747529,
          "duration" : 23327
        },
        "flaky" : false,
        "newFailed" : false,
        "parameters" : [ ]
      }, {
        "name" : "installApplication()",
        "uid" : "371ea7c55f7430c1",
        "parentUid" : "8cf5684cb52e3e94364d6fed32b70ded",
        "status" : "passed",
        "time" : {
          "start" : 1723053747893,
          "stop" : 1723053806983,
          "duration" : 59090
        },
        "flaky" : false,
        "newFailed" : false,
        "parameters" : [ ]
      } ],
      "uid" : "8cf5684cb52e3e94364d6fed32b70ded"
    } ],
    "uid" : "562c4fad9606576a908ed002413ce5e0"
  } ]
}