{
  "8dd2d73164387fdf12ee92e71c09ee5d" : {
    "statistic" : {
      "failed" : 0,
      "broken" : 0,
      "skipped" : 0,
      "passed" : 1,
      "unknown" : 0,
      "total" : 1
    },
    "items" : [ {
      "uid" : "39dc47e2bbf01217",
      "status" : "passed",
      "time" : {
        "start" : 1723053724202,
        "stop" : 1723053747529,
        "duration" : 23327
      }
    } ]
  },
  "c3904e785d4f3c113ebb150232962b52" : {
    "statistic" : {
      "failed" : 0,
      "broken" : 0,
      "skipped" : 0,
      "passed" : 1,
      "unknown" : 0,
      "total" : 1
    },
    "items" : [ {
      "uid" : "277ae3480b0efa7a",
      "status" : "passed",
      "time" : {
        "start" : 1723053837060,
        "stop" : 1723053854813,
        "duration" : 17753
      }
    } ]
  },
  "f9ff0b10b7622007571f6af1d9932111" : {
    "statistic" : {
      "failed" : 0,
      "broken" : 0,
      "skipped" : 0,
      "passed" : 1,
      "unknown" : 0,
      "total" : 1
    },
    "items" : [ {
      "uid" : "f79e9fd461b7771",
      "status" : "passed",
      "time" : {
        "start" : 1723053817401,
        "stop" : 1723053837052,
        "duration" : 19651
      }
    } ]
  },
  "2632f25ae7382f3304691069c00c1771" : {
    "statistic" : {
      "failed" : 0,
      "broken" : 0,
      "skipped" : 0,
      "passed" : 1,
      "unknown" : 0,
      "total" : 1
    },
    "items" : [ {
      "uid" : "ccefa9409c91b37b",
      "status" : "passed",
      "time" : {
        "start" : 1723053920931,
        "stop" : 1723053945504,
        "duration" : 24573
      }
    } ]
  },
  "3217f5c25ea1fb4c7211ba428abeddfa" : {
    "statistic" : {
      "failed" : 0,
      "broken" : 0,
      "skipped" : 0,
      "passed" : 1,
      "unknown" : 0,
      "total" : 1
    },
    "items" : [ {
      "uid" : "e5726194ebc0ae1a",
      "status" : "passed",
      "time" : {
        "start" : 1723053854820,
        "stop" : 1723053920922,
        "duration" : 66102
      }
    } ]
  },
  "955226247706c510c85d725c3cb9ae5e" : {
    "statistic" : {
      "failed" : 0,
      "broken" : 0,
      "skipped" : 0,
      "passed" : 1,
      "unknown" : 0,
      "total" : 1
    },
    "items" : [ {
      "uid" : "371ea7c55f7430c1",
      "status" : "passed",
      "time" : {
        "start" : 1723053747893,
        "stop" : 1723053806983,
        "duration" : 59090
      }
    } ]
  }
}