[ {
  "uid" : "277ae3480b0efa7a",
  "name" : "createNewWorkspace()",
  "time" : {
    "start" : 1723053837060,
    "stop" : 1723053854813,
    "duration" : 17753
  },
  "status" : "passed",
  "severity" : "normal"
}, {
  "uid" : "ccefa9409c91b37b",
  "name" : "createNewGoogleDoc()",
  "time" : {
    "start" : 1723053920931,
    "stop" : 1723053945504,
    "duration" : 24573
  },
  "status" : "passed",
  "severity" : "normal"
}, {
  "uid" : "e5726194ebc0ae1a",
  "name" : "addGoogleDocApp()",
  "time" : {
    "start" : 1723053854820,
    "stop" : 1723053920922,
    "duration" : 66102
  },
  "status" : "passed",
  "severity" : "normal"
}, {
  "uid" : "f79e9fd461b7771",
  "name" : "verifyShiftVersion()",
  "time" : {
    "start" : 1723053817401,
    "stop" : 1723053837052,
    "duration" : 19651
  },
  "status" : "passed",
  "severity" : "normal"
}, {
  "uid" : "39dc47e2bbf01217",
  "name" : "downloadShift()",
  "time" : {
    "start" : 1723053724202,
    "stop" : 1723053747529,
    "duration" : 23327
  },
  "status" : "passed",
  "severity" : "normal"
}, {
  "uid" : "371ea7c55f7430c1",
  "name" : "installApplication()",
  "time" : {
    "start" : 1723053747893,
    "stop" : 1723053806983,
    "duration" : 59090
  },
  "status" : "passed",
  "severity" : "normal"
} ]