{
  "total" : 3,
  "items" : [ {
    "uid" : "1f0b2bfe69b51b932d11a2894f6bb322",
    "name" : "com.ta.test.challenge.ShiftTest",
    "statistic" : {
      "failed" : 0,
      "broken" : 0,
      "skipped" : 0,
      "passed" : 4,
      "unknown" : 0,
      "total" : 4
    }
  }, {
    "uid" : "4a2981507a68c1859e5061e5cb1f3090",
    "name" : "com.ta.test.challenge.DownloadTest",
    "statistic" : {
      "failed" : 0,
      "broken" : 0,
      "skipped" : 0,
      "passed" : 1,
      "unknown" : 0,
      "total" : 1
    }
  }, {
    "uid" : "3c2eaaed2f56eab67208824cb6390e6a",
    "name" : "com.ta.test.challenge.InstallationTest",
    "statistic" : {
      "failed" : 0,
      "broken" : 0,
      "skipped" : 0,
      "passed" : 1,
      "unknown" : 0,
      "total" : 1
    }
  } ]
}